t,node 1 (Volt),V(J1) (Volt),V(R1) (Volt),I(J1) (Amp),I(R1) (Amp)
0.000000,0.000000,0.000000,0.000000,0.000000,0.000000
1.000000,0.000000,0.000000,0.000000,0.000000,0.000000
2.000000,4330.650523,-4330.650523,4330.650523,4.330651,4.330651
3.000000,4329.079442,-4329.079442,4329.079442,4.329079,4.329079
4.000000,-3.141592,3.141592,-3.141592,-0.003142,-0.003142
5.000000,-4332.219894,4332.219894,-4332.219894,-4.332220,-4.332220
